{"_id":{"$oid":"5e6bf4ddb0d40b1f9dc853d0"},"Tweet_id":1236041168061968391,"created_at":"Fri Mar 06 21:29:13 +0000 2020","rawtext":"@RyanLocced why are you #mad","text":"why are you "}
{"_id":{"$oid":"5e6bf4ddb0d40b1f9dc853cf"},"Tweet_id":1236040786782957574,"created_at":"Fri Mar 06 21:27:42 +0000 2020","rawtext":"Started in December 2019 and its going strong till date i.e. 6/3/2020.\n90 days of nofap. #nofap #saiyan #anger #frustrated #power #energyhealing #selfcontrol","text":"Started in December 2019 and its going strong till date i.e. 6/3/2020. 90 days of nofap. "}
{"_id":{"$oid":"5e6bf4ddb0d40b1f9dc853ce"},"Tweet_id":1236040152943931392,"created_at":"Fri Mar 06 21:25:11 +0000 2020","rawtext":"@jimcramer üá®üá¶ from your northern followers 15 years ago people asked who is this #madman, 15 years later the definition of #Mad has a whole new meaning, congratulations and thanks, stay safe @MadMoneyOnCNBC","text":"from your northern followers 15 years ago people asked who is this madman, 15 years later the definition of Mad has a whole new meaning, congratulations and thanks, stay safe"}
{"_id":{"$oid":"5e6bf4ddb0d40b1f9dc853cd"},"Tweet_id":1236039792359432192,"created_at":"Fri Mar 06 21:23:45 +0000 2020","rawtext":"Four Ways To Become More Patient RIGHT NOW! #blogger https://t.co/WWI5Gi7rD1 #anger","text":"Four Ways To Become More Patient RIGHT NOW! "}
{"_id":{"$oid":"5e6bf4ddb0d40b1f9dc853d1"},"Tweet_id":1236041367261827072,"created_at":"Fri Mar 06 21:30:01 +0000 2020","rawtext":"#Anger is just anger. It isnt good. It isn't bad. What u do with it is what matters. U can use it to build or to destroy.-Jim Butcher #quote","text":"Anger is just anger. It is not good. It is not bad. What you do with it is what matters. you can use it to build or to destroy.-Jim Butcher "}
{"_id":{"$oid":"5e6bf4ddb0d40b1f9dc853d3"},"Tweet_id":1236043054785552384,"created_at":"Fri Mar 06 21:36:43 +0000 2020","rawtext":"@bomani_jones #Annoying &amp; Ur stance on most everything is that the \"GLASS IS HALF-FULL\", thinking U are Right &amp; Hopefully Ur Opinions R scripted 4 Show &amp; Not Urs??","text":"Annoying &amp; Ur stance on most everything is that the \"GLASS IS HALF-FULL\", thinking you are Right &amp; Hopefully Ur Opinions R scripted 4 Show &amp; Not Urs??"}
{"_id":{"$oid":"5e6bf4ddb0d40b1f9dc853d4"},"Tweet_id":1236043158829412352,"created_at":"Fri Mar 06 21:37:08 +0000 2020","rawtext":"üö®POWER FIVE WIN!!!üö®\n\nüêØ: 7\nPurdue: üç© \n\nNext up: taking on Purdue and Colorado State tomorrow afternoon!\n#ROAR https://t.co/ISk4yf2svn","text":"POWER FIVE WIN!! : 7 Purdue: Next up: taking on Purdue and Colorado State tomorrow afternoon! "}
{"_id":{"$oid":"5e6bf4ddb0d40b1f9dc853d2"},"Tweet_id":1236042518564831233,"created_at":"Fri Mar 06 21:34:35 +0000 2020","rawtext":"I was slow to take off with the Twitter generation lol I'm an 80s baby ü§∑ but my IG got a lil humble clout and my FB got #mad #clout I'm thankful for the walks of life that put me into the places and times I've met or made contact with everyone! #FridayMotivation #Musica #Friday","text":"I was slow to take off with the Twitter generation lol I am an 80s baby but my IG got a lil humble clout and my FB got mad clout I am thankful for the walks of life that put me into the places and times I have met or made contact with everyone! "}
{"_id":{"$oid":"5e6bf4ddb0d40b1f9dc853d6"},"Tweet_id":1236043291264761858,"created_at":"Fri Mar 06 21:37:39 +0000 2020","rawtext":"üö®BENGALS WIN!!!üö®\n\nüêØ: 13\nKS : 7\n\nNext up: taking on Purdue in about 30 minutes!\n#ROAR https://t.co/eBJf7A2b5S","text":"BENGALS WIN!! : 13 KS : 7 Next up: taking on Purdue in about 30 minutes! "}
{"_id":{"$oid":"5e6bf4ddb0d40b1f9dc853d8"},"Tweet_id":1236043646878855169,"created_at":"Fri Mar 06 21:39:04 +0000 2020","rawtext":"@gatewaypundit @GenFlynn @SidneyPowell1 @JackPosobiec @Cernovich @TomFitton @joehoft Worth reading! The Mueller Dossier claims Podesta was hacked but he was phished. So many dumb Libtards still believe strongly in Russia, Russia, Russia. Successful rort (scam)! #Annoying üôÑ https://t.co/jOl2CT4BuX","text":"Worth reading! The Mueller Dossier claims Podesta was hacked but he was phished. So many dumb Libtards still believe strongly in Russia, Russia, Russia. Successful rort (scam)! "}
{"_id":{"$oid":"5e6bf4ddb0d40b1f9dc853d9"},"Tweet_id":1236044312607166469,"created_at":"Fri Mar 06 21:41:43 +0000 2020","rawtext":"Mistakenly agreed to send an email round the office for someone advising cakes were available. All day people saying \"Happy Birthday\" to me. Later, outside work, a strange old woman started singing \"Happy Birthday\" at me. I am now confused when my birthday really is. #cake #mad","text":"Mistakenly agreed to send an email round the office for someone advising cakes were available. All day people saying \"Happy Birthday\" to me. Later, outside work, a strange old woman started singing \"Happy Birthday\" at me. I am now confused when my birthday really is. "}
{"_id":{"$oid":"5e6bf4ddb0d40b1f9dc853da"},"Tweet_id":1236044542593425414,"created_at":"Fri Mar 06 21:42:38 +0000 2020","rawtext":".@IdahoStateSB getting that Power 5 win! Let them hear that #ROAR https://t.co/XKTkPMjWRB","text":". getting that Power 5 win! Let them hear that "}
{"_id":{"$oid":"5e6bf4ddb0d40b1f9dc853db"},"Tweet_id":1236045038347522049,"created_at":"Fri Mar 06 21:44:36 +0000 2020","rawtext":"You must develop the attitude of a rock toward anger or insults. That means \"ignore\" it. Meanwhile the offender is livid with rage while you retain your serenity. #attitude #anger #quoteoftheday  #SaturdayMotivation https://t.co/zba1kDOcD5","text":"You must develop the attitude of a rock toward anger or insults. That means \"ignore\" it. Meanwhile the offender is livid with rage while you retain your serenity. "}
{"_id":{"$oid":"5e6bf4ddb0d40b1f9dc853dc"},"Tweet_id":1236045155544809473,"created_at":"Fri Mar 06 21:45:04 +0000 2020","rawtext":"Learn more about Mindfulness-based Anger Management Online and email me to schedule online therapy sessions via Skype. Visit: https://t.co/RPByZiCFAP¬†#anger #angermanagement","text":"Learn more about Mindfulness-based Anger Management Online and email me to schedule online therapy sessions via Skype. Visit: "}
{"_id":{"$oid":"5e6bf4ddb0d40b1f9dc853de"},"Tweet_id":1236045454233800707,"created_at":"Fri Mar 06 21:46:15 +0000 2020","rawtext":"@obianuju @OlaySkin You may not be calling for a boycott, but I know women who are already writing letters vowing to quit using the brand.\nJust say \n#NoThanksIdRather not use @OlaySkin . It could make me as #angry as @BusyPhilipps .","text":"You may not be calling for a boycott, but I know women who are already writing letters vowing to quit using the brand. Just say NoThanksIdRather not use . It could make me as angry as ."}
{"_id":{"$oid":"5e6bf4ddb0d40b1f9dc853df"},"Tweet_id":1236045636123811840,"created_at":"Fri Mar 06 21:46:58 +0000 2020","rawtext":"@MaryJoe38642126 @RepMaloney @HouseAgDems @HouseForeign The most shameful #betrayal to #mansbestfriend, a sickening crime against any living being I am #horrified and full of disbelief in a world that allows such #atrocities to continue I am #furious at our world leaders who could stop this but chose not to The shame is yours https://t.co/pd263qx8Nn","text":"The most shameful betrayal to mansbestfriend, a sickening crime against any living being I am horrified and full of disbelief in a world that allows such atrocities to continue I am furious at our world leaders who could stop this but chose not to The shame is yours"}
{"_id":{"$oid":"5e6bf4ddb0d40b1f9dc853e1"},"Tweet_id":1236046018220666880,"created_at":"Fri Mar 06 21:48:30 +0000 2020","rawtext":"Who cares whether #Mourinho was a #lazy and #annoying player. What we know now he's a pain in the a**. Nothing special about 'special' Mourinho!\nMourinho admits to being lazy and annoying during his playing career https://t.co/nAnKYHLfUP","text":"Who cares whether Mourinho was a lazy and annoying player. What we know now he is a pain in the a**. Nothing special about 'special' Mourinho! Mourinho admits to being lazy and annoying during his playing career"}
{"_id":{"$oid":"5e6bf4ddb0d40b1f9dc853e6"},"Tweet_id":1236047873029984256,"created_at":"Fri Mar 06 21:55:52 +0000 2020","rawtext":"At Kolkata airport - most staff are Bangla speaking. Same at hotel where I stayed. Info boards have part Bangla. And now at Blru airport - no staff speaks Kannada @BLRAirport #Kannada #angry","text":"At Kolkata airport - most staff are Bangla speaking. Same at hotel where I stayed. Info boards have part Bangla. And now at Blru airport - no staff speaks Kannada "}
{"_id":{"$oid":"5e6bf4ddb0d40b1f9dc853ea"},"Tweet_id":1236052761222868992,"created_at":"Fri Mar 06 22:15:17 +0000 2020","rawtext":"Celebrating with my @passioncity family. These songs will resonate with millions across the globe.  #roar #passion2020","text":"Celebrating with my family. These songs will resonate with millions across the globe. "}
{"_id":{"$oid":"5e6bf4ddb0d40b1f9dc853e7"},"Tweet_id":1236048100575391745,"created_at":"Fri Mar 06 21:56:46 +0000 2020","rawtext":"After I grab my mail, I've been putting up a Coronavirus quarantine sign on my front door so the Jehovah's witnesses stop and do a 180¬∞ when they approach my door.\n\n#coronavirus #annoying #fridayfunnies #LikeABoss","text":"After I grab my mail, I have been putting up a Coronavirus quarantine sign on my front door so the Jehovah's witnesses stop and do a 180¬∞ when they approach my door. "}
{"_id":{"$oid":"5e6bf4ddb0d40b1f9dc853ec"},"Tweet_id":1236053378393833472,"created_at":"Fri Mar 06 22:17:44 +0000 2020","rawtext":"My general mood this week üòí #selfportrait #infinitepainter #digitalart #angry\nhttps://t.co/s2UIowFm3x","text":"My general mood this week "}
{"_id":{"$oid":"5e6bf4ddb0d40b1f9dc853eb"},"Tweet_id":1236053173976121344,"created_at":"Fri Mar 06 22:16:56 +0000 2020","rawtext":"I wasn‚Äôt quite ready to leave the park, so I gave to my Mom a look of disapproval. #angry #MondayVibes #catsofinstagram #cat #cats #CatsOfTwitter #blackcat #panfur #serious #gato https://t.co/oLYnfv8ph0","text":"I was not quite ready to leave the park, so I gave to my Mom a look of disapproval. "}
{"_id":{"$oid":"5e6bf4ddb0d40b1f9dc853ee"},"Tweet_id":1236053827981389831,"created_at":"Fri Mar 06 22:19:32 +0000 2020","rawtext":"Can we get some more #followers and #subscribers on #YouTube I know I'm #annoying but I do #bloxburg content on #Roblox","text":"Can we get some more followers and subscribers on YouTube I know I am annoying but I do bloxburg content on "}
{"_id":{"$oid":"5e6bf4ddb0d40b1f9dc853f0"},"Tweet_id":1236054156290535424,"created_at":"Fri Mar 06 22:20:50 +0000 2020","rawtext":"I dislike the way white girls talk its #annoying","text":"I dislike the way white girls talk its "}
{"_id":{"$oid":"5e6bf4ddb0d40b1f9dc853f1"},"Tweet_id":1236054882043428865,"created_at":"Fri Mar 06 22:23:43 +0000 2020","rawtext":"hey, I finally made an URGOT chibi lol :DD whats next? Thresh maybe?\n\n#LeagueOfLegendsFanArt #lol #leagueoflegends #fanart #urgot #urgotfanart #lolurgot #lolfanart #chibi #angry\n@LeagueOfLegends @LeagueOfFanarts https://t.co/veAZMiHLWH","text":"hey, I finally made an URGOT chibi lol what is next? Thresh maybe? "}
{"_id":{"$oid":"5e6bf4ddb0d40b1f9dc853f4"},"Tweet_id":1236056617033953280,"created_at":"Fri Mar 06 22:30:36 +0000 2020","rawtext":"Lmfaoooo. Gotta have self control #slapmedaddy #annoying #allday #igotyou #babe #finnarockyourshitbabe https://t.co/BZOhEpVyW3","text":"Lmfaoo. got to have self control "}
{"_id":{"$oid":"5e6bf4ddb0d40b1f9dc853f2"},"Tweet_id":1236054993414877185,"created_at":"Fri Mar 06 22:24:09 +0000 2020","rawtext":"Picture day is Monday! Spring pictures and promotion pictures. #roar","text":"Picture day is Monday! Spring pictures and promotion pictures. "}
{"_id":{"$oid":"5e6bf4ddb0d40b1f9dc853f5"},"Tweet_id":1236057085957132294,"created_at":"Fri Mar 06 22:32:28 +0000 2020","rawtext":"angry birds\n#angry birds https://t.co/WlHrHomTMx","text":"angry birds angry birds"}
{"_id":{"$oid":"5e6bf4ddb0d40b1f9dc853f8"},"Tweet_id":1236058850769453059,"created_at":"Fri Mar 06 22:39:29 +0000 2020","rawtext":"If I hear this damn kazoo commercial one more time,  I swear....üôâ #Annoying","text":"If I hear this damn kazoo commercial one more time, I swear.. "}
{"_id":{"$oid":"5e6bf4ddb0d40b1f9dc853f9"},"Tweet_id":1236060161468293121,"created_at":"Fri Mar 06 22:44:42 +0000 2020","rawtext":"Calm before the storm! PACK REED GYM! #ROAR https://t.co/qzqcp0bVLx","text":"Calm before the storm! PACK REED GYM! "}
{"_id":{"$oid":"5e6bf4ddb0d40b1f9dc853fc"},"Tweet_id":1236062467589095426,"created_at":"Fri Mar 06 22:53:51 +0000 2020","rawtext":"I've decided that 3 conductors is not enough! My new piece for @DevonPhilO @RAMMuseum @CoMA_NewMusic now requires 6... #mad","text":"I have decided that 3 conductors is not enough! My new piece for now requires 6.. "}
{"_id":{"$oid":"5e6bf4ddb0d40b1f9dc853fb"},"Tweet_id":1236061011318370305,"created_at":"Fri Mar 06 22:48:04 +0000 2020","rawtext":"I hate Ryan's toy review with a passion, it is so annoying #ugh #annoying","text":"I hate Ryan's toy review with a passion, it is so annoying "}
{"_id":{"$oid":"5e6bf4ddb0d40b1f9dc853fe"},"Tweet_id":1236067563840229376,"created_at":"Fri Mar 06 23:14:06 +0000 2020","rawtext":"@NexxtJobs spamming me again.  Will continue to post until they stop #annoying #aggressivemarketing","text":"spamming me again. Will continue to post until they stop "}
{"_id":{"$oid":"5e6bf4ddb0d40b1f9dc853ff"},"Tweet_id":1236067873438593025,"created_at":"Fri Mar 06 23:15:20 +0000 2020","rawtext":"@ProfessorCrunk Right and it was brilliant but when it was time to move on she kept beating on a dead horse. So Warren not only created the magic in that debate, she made sure to erase it as well. The guy was out as an option to most Ds but she was so self-impressed she kept swinging. #Annoying","text":"Right and it was brilliant but when it was time to move on she kept beating on a dead horse. So Warren not only created the magic in that debate, she made sure to erase it as well. The guy was out as an option to most Ds but she was so self-impressed she kept swinging. "}
{"_id":{"$oid":"5e6bf4ddb0d40b1f9dc85401"},"Tweet_id":1236069178890686465,"created_at":"Fri Mar 06 23:20:31 +0000 2020","rawtext":"Congrats to Ava Weber as she was named All-State Honorable Mention by the @IBCA_Coaches! üèÄ#PantherPride #ROAR","text":"Congrats to Ava Weber as she was named All-State Honorable Mention by the ! "}
{"_id":{"$oid":"5e6bf4ddb0d40b1f9dc85400"},"Tweet_id":1236067978170560512,"created_at":"Fri Mar 06 23:15:45 +0000 2020","rawtext":"@AirFranceUK Why are you choosing to ignore my tweets on a Flybe flight, when you answer other peoples quicker about the same subject? I've sent numerous tweets and DM but nothing #angry @SimonCalder do you know anything about bought Flybe but operated by AF tickets if valid?","text":"Why are you choosing to ignore my tweets on a Flybe flight, when you answer other peoples quicker about the same subject? I have sent numerous tweets and DM but nothing angry do you know anything about bought Flybe but operated by AF tickets if valid?"}
{"_id":{"$oid":"5e6bf4ddb0d40b1f9dc85402"},"Tweet_id":1236069451872665600,"created_at":"Fri Mar 06 23:21:37 +0000 2020","rawtext":"Don't you just hate when you're happily making a track and then you look up Virtual Riot - Lunar to reference a chord break and your song that you are happily making SOUNDS EXACTLY THE SAME TO THE REF\n\nUUuuuuuuuUUUuuuu\nBut it sounds really good tho\n\n#annoying","text":"do not you just hate when you are happily making a track and then you look up Virtual Riot - Lunar to reference a chord break and your song that you are happily making SOUNDS EXACTLY THE SAME TO THE REF UUuuUUuu But it sounds really good tho "}
{"_id":{"$oid":"5e6bf4ddb0d40b1f9dc85403"},"Tweet_id":1236069905037815810,"created_at":"Fri Mar 06 23:23:25 +0000 2020","rawtext":"Yes, they are #angry at the world. üò°üò°üò°üò°üò°","text":"Yes, they are angry at the world."}
{"_id":{"$oid":"5e6bf4ddb0d40b1f9dc85404"},"Tweet_id":1236072297770803200,"created_at":"Fri Mar 06 23:32:55 +0000 2020","rawtext":"If elected, @SenSanders will be our #firstwomanpresident. He‚Äôs everything #oldwhitemen say about #women who seek power: #shrill, #angry, #scolding, constantly #yelling, and #hysterical.","text":"If elected, will be our firstwomanpresident. he is everything oldwhitemen say about women who seek power: shrill, angry, scolding, constantly yelling, and "}
{"_id":{"$oid":"5e6bf4ddb0d40b1f9dc85405"},"Tweet_id":1236072541439102976,"created_at":"Fri Mar 06 23:33:53 +0000 2020","rawtext":"Always do a perfect bun for when I am going bed but for work I look like this #annoying https://t.co/4thj90bAJK","text":"Always do a perfect bun for when I am going bed but for work I look like this "}
{"_id":{"$oid":"5e6bf4ddb0d40b1f9dc853fd"},"Tweet_id":1236064139090391040,"created_at":"Fri Mar 06 23:00:30 +0000 2020","rawtext":"Mitchell Sanders trying to get O‚ÄôBrien to leave Jorgenson alone:\n#Dutrolit10 #Theghostsoldiers #anger @mrsdutro @MrsCarterLit","text":"Mitchell Sanders trying to get O‚ÄôBrien to leave Jorgenson alone: "}
{"_id":{"$oid":"5e6bf4ddb0d40b1f9dc85406"},"Tweet_id":1236072791746764810,"created_at":"Fri Mar 06 23:34:53 +0000 2020","rawtext":"@__itsdozie @DONJAZZY @wizkidayo @burnaboy @ZILLA__OAKS @heisrema @PsychoYP @ApexVillage @iam_YCee @_gburner @Vve_trop @kanyewest @davido \nCheck out this #mad freestyle by ja¬•^T...kindly stream ,like and repost ! https://t.co/GJF78nsR3G","text":"Check out this mad freestyle by ja¬•^T..kindly stream ,like and repost !"}
{"_id":{"$oid":"5e6bf4ddb0d40b1f9dc8540d"},"Tweet_id":1236084262593384449,"created_at":"Sat Mar 07 00:20:28 +0000 2020","rawtext":"Anger Management Expert, Educator, Researcher, Mediator, Entrepreneur, and Talk Show Host Dr. Vicki D. Coleman @DrVicki on The Cure Radio Show with Aimee Cabo, this Sat March 7, 1 PM est. https://t.co/zOJiFqHUjX  #anger #stressmanagement https://t.co/9M7ufWgfLC","text":"Anger Management Expert, Educator, Researcher, Mediator, Entrepreneur, and Talk Show Host Dr. Vicki D. Coleman on The Cure Radio Show with Aimee Cabo, this Sat March 7, 1 PM est. "}
{"_id":{"$oid":"5e6bf4ddb0d40b1f9dc8540e"},"Tweet_id":1236084280125767687,"created_at":"Sat Mar 07 00:20:32 +0000 2020","rawtext":"anyone saw \"joy of life\"? it says Xiao Zhan plays there but i am fast scrolling ep.8 already and he is not there. don't want to waste my time on bulls*it so i'm asking. is he playing there or not???? #xiaozhan #TheUntamed #JoyOfLife #angry","text":"anyone saw \"joy of life\"? it says Xiao Zhan plays there but i am fast scrolling ep.8 already and he is not there. do not want to waste my time on bulls*it so I am asking. is he playing there or not?? "}
{"_id":{"$oid":"5e6bf4ddb0d40b1f9dc8540f"},"Tweet_id":1236086124570988545,"created_at":"Sat Mar 07 00:27:52 +0000 2020","rawtext":"I wanna say Thank You to @MBStadium for allowing @passion268 to have conference there for this year. I am a huge @AtlantaFalcons fan and listening to the album from @PassionMusic is unbelievable that it all happened in a football stadium #RiseUp #ROAR","text":"I want to say Thank You to for allowing to have conference there for this year. I am a huge fan and listening to the album from is unbelievable that it all happened in a football stadium "}
{"_id":{"$oid":"5e6bf4ddb0d40b1f9dc85411"},"Tweet_id":1236090156148539393,"created_at":"Sat Mar 07 00:43:53 +0000 2020","rawtext":"I just found out that there won't be S2 of @GrandHotelABC @EvaLongoria like wtf am I to watch during the summer? #rude #angry #disappointedatABC","text":"I just found out that there will not be S2 of like wtf am I to watch during the summer? "}
{"_id":{"$oid":"5e6bf4ddb0d40b1f9dc85413"},"Tweet_id":1236091122419740672,"created_at":"Sat Mar 07 00:47:43 +0000 2020","rawtext":"@NordicTrack this company sucks. Been waiting since December to get my bike fixed. Received no help until just recently and even then was sent wrong parts to get it fixed. This is absurd the bike was literally sent to us broken! Paid to have it setup so we didn‚Äôt mess it up. #mad","text":"this company sucks. Been waiting since December to get my bike fixed. Received no help until just recently and even then was sent wrong parts to get it fixed. This is absurd the bike was literally sent to us broken! Paid to have it setup so we did not mess it up. "}
{"_id":{"$oid":"5e6bf4ddb0d40b1f9dc85415"},"Tweet_id":1236093207638757376,"created_at":"Sat Mar 07 00:56:00 +0000 2020","rawtext":"Honk Happy is great if you don‚Äôt want to startle or anger anyone.... Honk Happy is a beneficial #roadrage diffuser....‚†Ä\n\n#driving #anger #horn #carhorn #cars https://t.co/PY4kJt36I0","text":"Honk Happy is great if you do not want to startle or anger anyone.. Honk Happy is a beneficial roadrage diffuser..‚†Ä "}
{"_id":{"$oid":"5e6bf4ddb0d40b1f9dc85414"},"Tweet_id":1236091283547942915,"created_at":"Sat Mar 07 00:48:22 +0000 2020","rawtext":"@Susan_Hennessey @HeatherNotyabot On the contrary, this ATTACK on 'TRUTH Tellers' is yet another PREDICTABLE, DELIBERATE step towards the totalitarian control by the #DICTATORSHIP, desired by #Mad #Trump and the @GOP. üá∑üá∫","text":"On the contrary, this ATTACK on 'TRUTH Tellers' is yet another PREDICTABLE, DELIBERATE step towards the totalitarian control by the DICTATORSHIP, desired by Mad Trump and the ."}
{"_id":{"$oid":"5e6bf4ddb0d40b1f9dc8541a"},"Tweet_id":1236096420051968001,"created_at":"Sat Mar 07 01:08:46 +0000 2020","rawtext":"@ChadParkTNS stand down #annoying in your face","text":"stand down annoying in your face"}
{"_id":{"$oid":"5e6bf4ddb0d40b1f9dc8541b"},"Tweet_id":1236098055864233984,"created_at":"Sat Mar 07 01:15:16 +0000 2020","rawtext":"Anger is about not getting our way, making others feel guilty and trying to control someone else's behavior instead of controlling our own. https://t.co/new4yBX19U #readers #angry https://t.co/0veD890u4F","text":"Anger is about not getting our way, making others feel guilty and trying to control someone else's behavior instead of controlling our own. "}
{"_id":{"$oid":"5e6bf4ddb0d40b1f9dc85419"},"Tweet_id":1236094540567785472,"created_at":"Sat Mar 07 01:01:18 +0000 2020","rawtext":"Progress is not achieved by luck or accident, but by working on yourself daily.\n- Epictetus  #Anger #antique #Discipline #epictetus #GrowthMindset #Knowledge #KnowledgeIsPower #MarcusAurelius #Mindset #mindsetmatters #MindsetShift #PersonalGrowth #Philos https://t.co/oC0UC9dyCX https://t.co/MC46JkBnEt","text":"Progress is not achieved by luck or accident, but by working on yourself daily. - Epictetus "}
{"_id":{"$oid":"5e6bf4ddb0d40b1f9dc8541c"},"Tweet_id":1236099873356865536,"created_at":"Sat Mar 07 01:22:30 +0000 2020","rawtext":"Now YOU can #ROAR louder than a lion too! Lyric video starring Myself, Kitty Purry &amp; some of my closest buds here: http://t.co/E4swWl7uiO","text":"Now YOU can ROAR louder than a lion too! Lyric video starring Myself, Kitty Purry &amp; some of my closest buds here:"}
{"_id":{"$oid":"5e6bf4ddb0d40b1f9dc8541e"},"Tweet_id":1236102531018784775,"created_at":"Sat Mar 07 01:33:03 +0000 2020","rawtext":"Something apparently perfectly OK in the US. #Mad","text":"Something apparently perfectly OK in the US. "}
{"_id":{"$oid":"5e6bf4ddb0d40b1f9dc8541f"},"Tweet_id":1236102655702904833,"created_at":"Sat Mar 07 01:33:33 +0000 2020","rawtext":"How To Help Your Child Manage His Anger? https://t.co/pwfTbuB8qG #anger #parenting #parentingtips","text":"How To Help Your Child Manage His Anger? "}
{"_id":{"$oid":"5e6bf4ddb0d40b1f9dc8541d"},"Tweet_id":1236101919485169664,"created_at":"Sat Mar 07 01:30:37 +0000 2020","rawtext":"Beazley's Family Night to Shine was loads of fun! Students who completed 8 or more stations were able to duct tape the admin to a pole ( they enjoyed it a little too much!). Then there was a surprise snowball attack! \n#ROAR #lovemyjob https://t.co/SYCMTqa2hJ","text":"Beazley's Family Night to Shine was loads of fun! Students who completed 8 or more stations were able to duct tape the admin to a pole ( they enjoyed it a little too much!). Then there was a surprise snowball attack! "}
{"_id":{"$oid":"5e6bf4ddb0d40b1f9dc85422"},"Tweet_id":1236103777654108161,"created_at":"Sat Mar 07 01:38:00 +0000 2020","rawtext":"Boys beat Riverdale 2-1 and girls won 9-0. Both are now 2-0 in the region. #ExcellenceinAllWeDo #ROAR #AllEyesOnUs @FCHSTigers @FCHSoccer @FCHSTIGERSPORTS","text":"Boys beat Riverdale 2-1 and girls won 9-0. Both are now 2-0 in the region. "}
{"_id":{"$oid":"5e6bf4ddb0d40b1f9dc85426"},"Tweet_id":1236106711901122560,"created_at":"Sat Mar 07 01:49:40 +0000 2020","rawtext":"I‚Äôve been pretty lucky with my neighbours in my flat so far... but if whoever has just woken me up by hoovering at 2 in the morning better stop like now #Angry #Seriously #STFU https://t.co/6GKLJhv7vQ","text":"I have been pretty lucky with my neighbours in my flat so far.. but if whoever has just woken me up by hoovering at 2 in the morning better stop like now "}
{"_id":{"$oid":"5e6bf4ddb0d40b1f9dc85428"},"Tweet_id":1236110518051639296,"created_at":"Sat Mar 07 02:04:47 +0000 2020","rawtext":"Every damn video! Just tell us, @YouTubeGaming creators, to quit our day job. #YouTube #Copyright #Annoying #SmallStreamersConnect #SupportSmallStreamers \n@SupStreamers @SmallStreamersC @SmallStreamersR @SupportSquadRTs @SupportStreamz @SGH_RTs @ShoutRTs https://t.co/CVSHMZh6X7","text":"Every damn video! Just tell us, creators, to quit our day job. "}
{"_id":{"$oid":"5e6bf4ddb0d40b1f9dc85427"},"Tweet_id":1236110373360566272,"created_at":"Sat Mar 07 02:04:13 +0000 2020","rawtext":"|üî•üî•üî•üî•üî•üî•üî•üî•üî•üî•üî•üî•|\n\n||‚ñ™Ô∏è‚ñ™Ô∏è‚ñ™Ô∏èCLASS OF 2021!‚ñ™Ô∏è‚ñ™Ô∏è‚ñ™Ô∏è||\n\n|||‚ñ™Ô∏è‚ñ™Ô∏èWE ON THE PROWL!‚ñ™Ô∏è‚ñ™Ô∏è|||\n\n1. FILL OUT OUR QUESTIONNAIRE: \nhttps://t.co/4HYV84xj3B\n\n2. DROP YOUR TAPE! ‚§µÔ∏è‚§µÔ∏è‚§µÔ∏è\n\n#EverythingMatters /// #Roar\n#EarnYourStripes21 /// #GoBengals\n\n|üî•üî•üî•üî•üî•üî•üî•üî•üî•üî•üî•üî•| https://t.co/xr9Eiy9lgR","text":"|| ||‚ñ™Ô∏è‚ñ™Ô∏è‚ñ™Ô∏èCLASS OF 2021!‚ñ™Ô∏è‚ñ™Ô∏è‚ñ™Ô∏è|| ||‚ñ™Ô∏è‚ñ™Ô∏èWE ON THE PROWL!‚ñ™Ô∏è‚ñ™Ô∏è|| 1. FILL OUT OUR QUESTIONNAIRE: 2. DROP YOUR TAPE! ‚§µÔ∏è‚§µÔ∏è‚§µÔ∏è EverythingMatters / Roar EarnYourStripes21 / GoBengals ||"}
{"_id":{"$oid":"5e6bf4ddb0d40b1f9dc8542c"},"Tweet_id":1236111317146177536,"created_at":"Sat Mar 07 02:07:58 +0000 2020","rawtext":"How can there be so many pedophiles? I can‚Äôt understand, how so many find a minors to be a turn on. Babies in diapers are being penetrated by grown men for fuck sakes! These people are sick. I for one support mandatory full physical castration for convicted sex offenders. #Anger","text":"How can there be so many pedophiles? I can not understand, how so many find a minors to be a turn on. Babies in diapers are being penetrated by grown men for fuck sakes! These people are sick. I for one support mandatory full physical castration for convicted sex offenders. "}
{"_id":{"$oid":"5e6bf4ddb0d40b1f9dc8542d"},"Tweet_id":1236111450340569088,"created_at":"Sat Mar 07 02:08:30 +0000 2020","rawtext":"@BAMAPERRY @lisakitter Yep!! Just saw #busyphillips HaPpY (((NOT))) #Abortion tape on #TuckerCarlson #TuckerCarlsonTonight, #FoxNews!! If Abortion makes #DemocRATS so happy why are they so #ANGRY when they speak of it‚ÅâÔ∏è\nü§∑‚Äç‚ôÄÔ∏èü•¥üôÑüòëü§îüôÉü§∑‚Äç‚ôÄÔ∏è","text":"Yep!! Just saw busyphillips HaPpY ((NOT)) Abortion tape on TuckerCarlson TuckerCarlsonTonight, FoxNews!! If Abortion makes DemocRATS so happy why are they so ANGRY when they speak of it‚ÅâÔ∏è ‚Äç‚ôÄÔ∏è‚Äç‚ôÄÔ∏è"}
{"_id":{"$oid":"5e6bf4ddb0d40b1f9dc85430"},"Tweet_id":1236117015410032640,"created_at":"Sat Mar 07 02:30:37 +0000 2020","rawtext":"And who secured the $21 million for this mass roundup plan? ---&gt; @HumaneSociety @ASPCA @ReturnToFreedom and @BeltwayBeef Animal welfare organizations who sold out to Big Beef. More cattle on public lands, more wild horses in cages. #FridayFeeling #angry #wildhorses #YouShouldKnow https://t.co/wKWHk7YADO","text":"And who secured the $21 million for this mass roundup plan? --&gt; and Animal welfare organizations who sold out to Big Beef. More cattle on public lands, more wild horses in cages. "}
{"_id":{"$oid":"5e6bf4ddb0d40b1f9dc8542f"},"Tweet_id":1236114918556028930,"created_at":"Sat Mar 07 02:22:17 +0000 2020","rawtext":"@gnmirmd #Angry public protests in Iran against Modi‚Äôs BJP govt for countenancing, even triggering anti- Muslim pogroms in Delhi!\nInstead of displaying feeling ashamed Indians are arrogant and in denial- Fascism of Indian style!","text":"Angry public protests in Iran against Modi‚Äôs BJP govt for countenancing, even triggering anti- Muslim pogroms in Delhi! Instead of displaying feeling ashamed Indians are arrogant and in denial- Fascism of Indian style!"}
{"_id":{"$oid":"5e6bf4ddb0d40b1f9dc85431"},"Tweet_id":1236121520948350977,"created_at":"Sat Mar 07 02:48:31 +0000 2020","rawtext":"@Jjespinal97 I feel like I‚Äôm posting too much haha #annoying","text":"I feel like I am posting too much haha "}
{"_id":{"$oid":"5e6bf4ddb0d40b1f9dc85433"},"Tweet_id":1236121605471907840,"created_at":"Sat Mar 07 02:48:51 +0000 2020","rawtext":"Car alarm going off outside#mad woke up the whole street","text":"Car alarm going off outsidemad woke up the whole street"}
{"_id":{"$oid":"5e6bf4ddb0d40b1f9dc85435"},"Tweet_id":1236122648892981248,"created_at":"Sat Mar 07 02:53:00 +0000 2020","rawtext":"Sounds right... \n\n#anger #hope https://t.co/lKsnOizLAV","text":"Sounds right.. "}
{"_id":{"$oid":"5e6bf4ddb0d40b1f9dc85434"},"Tweet_id":1236122604030685184,"created_at":"Sat Mar 07 02:52:49 +0000 2020","rawtext":"@janschakowsky @gerithemom I paid the govenment every year for more than 50 years. I cannot afford my medical bills on Medicare already. This is not the way to treat people who paid in for Medicare all their lives expecting 100% coverage like my parent/grandparents got. #Medicare @GOP @SenateGOP #furious","text":"I paid the govenment every year for more than 50 years. I cannot afford my medical bills on Medicare already. This is not the way to treat people who paid in for Medicare all their lives expecting 100% coverage like my parent/grandparents got. "}
{"_id":{"$oid":"5e6bf4ddb0d40b1f9dc85438"},"Tweet_id":1236128616800493570,"created_at":"Sat Mar 07 03:16:43 +0000 2020","rawtext":"When they tell you the wait is 25 minutes and you‚Äôve only been there for 2 and a half and you‚Äôre checking. ü•¥ #mad lol https://t.co/SSOzA2FCjf","text":"When they tell you the wait is 25 minutes and you have only been there for 2 and a half and you are checking. mad lol"}
{"_id":{"$oid":"5e6bf4ddb0d40b1f9dc85439"},"Tweet_id":1236128817288220673,"created_at":"Sat Mar 07 03:17:30 +0000 2020","rawtext":"#JeffBezos could buy every single American citizen a #NintedoSwitch and still have $18,100,000,000\n\nThis is perhaps the greatest injustice in all of history\n\n#Angry","text":"JeffBezos could buy every single American citizen a NintedoSwitch and still have $18,100,00,00 This is perhaps the greatest injustice in all of history "}
{"_id":{"$oid":"5e6bf4ddb0d40b1f9dc85437"},"Tweet_id":1236124731805298694,"created_at":"Sat Mar 07 03:01:16 +0000 2020","rawtext":"Go for gold üí´ Simba Hills @shopsonalmaher1 now available. We deliver worldwide. My first of many dreams coming trueüí´üôåüèºüôèüèº\n\n#sonalmaherali #simbahills #shopSM #sonalmaherali #roar https://t.co/VzTpi0yaJL","text":"Go for gold Simba Hills now available. We deliver worldwide. My first of many dreams coming true "}
{"_id":{"$oid":"5e6bf4ddb0d40b1f9dc8543e"},"Tweet_id":1236131960352718851,"created_at":"Sat Mar 07 03:30:00 +0000 2020","rawtext":"This provocative, yet highly percipient book is aimed at comprehending the emotion and experience of #anger in women and men; though both the genders feel anger similarly, the way it is received, responded to, and acknowledged, are noticeably distinct. \n\nhttps://t.co/7SFmcj7FLC","text":"This provocative, yet highly percipient book is aimed at comprehending the emotion and experience of anger in women and men; though both the genders feel anger similarly, the way it is received, responded to, and acknowledged, are noticeably distinct."}
{"_id":{"$oid":"5e6bf4ddb0d40b1f9dc8543f"},"Tweet_id":1236132006771273728,"created_at":"Sat Mar 07 03:30:11 +0000 2020","rawtext":"Post Edited: Jim Cramer‚Äôs ‚ÄòMad Cash‚Äô recap &amp; stock picks March 6, 2020 ‚Äì ReadUseful \n#Cramers #Jim #Mad #march\nhttps://t.co/zRmTeE6QUm","text":"Post Edited: Jim Cramer‚Äôs ‚ÄòMad Cash‚Äô recap &amp; stock picks March 6, 2020 ‚Äì ReadUseful "}
{"_id":{"$oid":"5e6bf4ddb0d40b1f9dc85441"},"Tweet_id":1236133323254255616,"created_at":"Sat Mar 07 03:35:25 +0000 2020","rawtext":"#Mad-Town http://t.co/LNfGrjaojY","text":"Mad-Town"}
{"_id":{"$oid":"5e6bf4ddb0d40b1f9dc85444"},"Tweet_id":1236136890878713857,"created_at":"Sat Mar 07 03:49:35 +0000 2020","rawtext":"they should‚Äôve just killed off alex #mad","text":"they should have just killed off alex "}
{"_id":{"$oid":"5e6bf4ddb0d40b1f9dc85445"},"Tweet_id":1236137868612866048,"created_at":"Sat Mar 07 03:53:28 +0000 2020","rawtext":"I‚Äôm dancin wit my son! #roar #madagascar2escape2africa https://t.co/H1NitV75jq","text":"I am dancin wit my son! "}
{"_id":{"$oid":"5e6bf4ddb0d40b1f9dc85446"},"Tweet_id":1236137935067545600,"created_at":"Sat Mar 07 03:53:44 +0000 2020","rawtext":"#Fast and #Furious 9 el Primer Trailer https://t.co/G6qGVcCZjj #f9","text":"Fast and Furious 9 el Primer Trailer "}
{"_id":{"$oid":"5e6bf4ddb0d40b1f9dc8544a"},"Tweet_id":1236140539793326081,"created_at":"Sat Mar 07 04:04:05 +0000 2020","rawtext":"STILL TRAPPED IN THIS FUCKING NIGHTMARE. #FUMING #FURIOUS","text":"STILL TRAPPED IN THIS FUCKING NIGHTMARE. "}
{"_id":{"$oid":"5e6bf4ddb0d40b1f9dc85449"},"Tweet_id":1236140473829355521,"created_at":"Sat Mar 07 04:03:49 +0000 2020","rawtext":"3f GILDED MIRROR (Orfevre x Titan Queen (Tiznow)) is extremely talented but still has a lot to learn\n\nJust like Dad she went looking for the rail when cruising to the lead #mad \n\nOka Sho chance for mine....if she runs truly \n\n1.20.6 for 1400m üî•\n#Orfevre \n\nhttps://t.co/aNiCN3euIy","text":"3f GILDED MIRROR (Orfevre x Titan Queen (Tiznow)) is extremely talented but still has a lot to learn Just like Dad she went looking for the rail when cruising to the lead mad Oka Sho chance for mine..if she runs truly 1.20.6 for 1400m "}
{"_id":{"$oid":"5e6bf4ddb0d40b1f9dc8544b"},"Tweet_id":1236141702223708162,"created_at":"Sat Mar 07 04:08:42 +0000 2020","rawtext":"Final score. The Bengals head to Boise next week to tip off the Big Sky Basketball Championships. \n#ROAR https://t.co/RgmMgMMNBt","text":"Final score. The Bengals head to Boise next week to tip off the Big Sky Basketball Championships. "}
{"_id":{"$oid":"5e6bf4ddb0d40b1f9dc8544f"},"Tweet_id":1236142625125797888,"created_at":"Sat Mar 07 04:12:22 +0000 2020","rawtext":"@kdriley05 Lol...#Freiza 's got #Limpdick #Micropenis...days y he's soooo #angry...#Rapey..n #RealEstate  \"y\"..\nCough cough #Masons $Mormons #Triads #Mafia  #RedScorpions\nCc  @rcmpgrcpolice  @INTERPOL_HQ \n@pnppio @ModestoMasons \n. https://t.co/Mm4IH2BSAF","text":"Lol..Freiza 's got Limpdick Micropenis..days y he is so angry..Rapey..n RealEstate \"y\".. Cough cough Masons $Mormons Triads Mafia RedScorpions Cc ."}
{"_id":{"$oid":"5e6bf4ddb0d40b1f9dc85450"},"Tweet_id":1236143040357638144,"created_at":"Sat Mar 07 04:14:01 +0000 2020","rawtext":"ok.... i love B but...... could we have gotten a two part album??? there's not enough #anger on this here album https://t.co/6UhADIjGZ5","text":"ok.. i love B but.. could we have gotten a two part album?? there is not enough anger on this here album"}
{"_id":{"$oid":"5e6bf4ddb0d40b1f9dc85452"},"Tweet_id":1236143587722694656,"created_at":"Sat Mar 07 04:16:12 +0000 2020","rawtext":"You‚Äôre just #mad that steyer didn‚Äôt let you #backdatassup \nIt‚Äôs ok I‚Äôll #backdatassup with #hotpocketdaddy in your honor. #hoesmad","text":"you are just mad that steyer did not let you backdatassup it is ok I will backdatassup with hotpocketdaddy in your honor. "}
{"_id":{"$oid":"5e6bf4ddb0d40b1f9dc85451"},"Tweet_id":1236143086167666688,"created_at":"Sat Mar 07 04:14:12 +0000 2020","rawtext":"FUCKING ANGER!!!\n\nIt‚Äôs important because it can provide tremendous energy to right wrongs &amp; change things for the good.\n\nBut it quickly turns into poison that will waste your energy &amp; control your life if you don‚Äôt learn to train it, or let it go.\n\n#selfhealers #anger #coaching","text":"FUCKING ANGER!! it is important because it can provide tremendous energy to right wrongs &amp; change things for the good. But it quickly turns into poison that will waste your energy &amp; control your life if you do not learn to train it, or let it go. "}
{"_id":{"$oid":"5e6bf4ddb0d40b1f9dc85459"},"Tweet_id":1236148220683665410,"created_at":"Sat Mar 07 04:34:36 +0000 2020","rawtext":"#MAD StUdEnTs OnLy","text":"MAD StUdEnTs OnLy"}
{"_id":{"$oid":"5e6bf4ddb0d40b1f9dc8545d"},"Tweet_id":1236151274686447618,"created_at":"Sat Mar 07 04:46:45 +0000 2020","rawtext":"170218 SF Day üöóüí®\n#SF9 #ÏóêÏä§ÏóêÌîÑÎÇòÏù∏\n#Î∂ÄÎ•¥Î¶â #ROAR @SF9official\n#INSEONG #Ïù∏ÏÑ± #Ïù∏ÏÑ±ÏÖ©Ïàëüå∞\n\nAnd that's youüíû https://t.co/NLYFyPZEHD","text":"170218 SF Day SF9 ÏóêÏä§ÏóêÌîÑÎÇòÏù∏ Î∂ÄÎ•¥Î¶â ROAR INSEONG Ïù∏ÏÑ± Ïù∏ÏÑ±ÏÖ©Ïàë And that is you"}
{"_id":{"$oid":"5e6bf4ddb0d40b1f9dc8545f"},"Tweet_id":1236153846155669507,"created_at":"Sat Mar 07 04:56:58 +0000 2020","rawtext":"LETTER TO SHANPEPE üåπ\nhit me back with a reply \n\nBeat by @therealyungzil \n\n#mad #zillion @ Or Trees https://t.co/eYuHucNMgg","text":"LETTER TO SHANPEPE hit me back with a reply Beat by mad zillion @ Or Trees"}
{"_id":{"$oid":"5e6bf4ddb0d40b1f9dc85460"},"Tweet_id":1236154122119741440,"created_at":"Sat Mar 07 04:58:04 +0000 2020","rawtext":"Wrapping up a wonderful week! Full of Reading activities and Trimester 2 Recognitions!!! Love my Mt. Lions!!! #roar https://t.co/2iBOTeajxi","text":"Wrapping up a wonderful week! Full of Reading activities and Trimester 2 Recognitions!! Love my Mt. Lions!! "}
{"_id":{"$oid":"5e6bf4ddb0d40b1f9dc85461"},"Tweet_id":1236154148078456838,"created_at":"Sat Mar 07 04:58:10 +0000 2020","rawtext":"#MVSRoom21 is WILD about reading! Let the safari adventures begin! #Roar https://t.co/30690PnTeB","text":"MVSRoom21 is WILD about reading! Let the safari adventures begin! "}
{"_id":{"$oid":"5e6bf4ddb0d40b1f9dc85463"},"Tweet_id":1236158395108950016,"created_at":"Sat Mar 07 05:15:02 +0000 2020","rawtext":"Travel Safety: Flying from Madrid airport Saturday, March 7? Check for flight updates: https://t.co/Ba9iLnoq5W #MAD","text":"Travel Safety: Flying from Madrid airport Saturday, March 7? Check for flight updates: "}
{"_id":{"$oid":"5e6bf4ddb0d40b1f9dc85466"},"Tweet_id":1236161308380168192,"created_at":"Sat Mar 07 05:26:37 +0000 2020","rawtext":"The irony with self styled intellectuals is that they are Masters of All Domain aka #MaD\n\nIn this slimiest üêç #CoupTaji‚Äôs publication - the author attempts to play on his expertise of collation of info without realising that latest in  Conventional Power is a Strong Deterrent.","text":"The irony with self styled intellectuals is that they are Masters of All Domain aka MaD In this slimiest CoupTaji‚Äôs publication - the author attempts to play on his expertise of collation of info without realising that latest in Conventional Power is a Strong Deterrent."}
{"_id":{"$oid":"5e6bf4ddb0d40b1f9dc85468"},"Tweet_id":1236162821374820353,"created_at":"Sat Mar 07 05:32:38 +0000 2020","rawtext":"üçÄüí´\"MAD LUCK\"üí´üçÄ\n- Lilith Blair \n#photography #me #instagay #dollphotography #fashiondollphotography #instagood #dollphotogallery #bestoftheday #mad #luckycharms #stpatricksday #stpattysday #fourleafclover‚Ä¶ https://t.co/mNjJHkv4pF","text":"\"MAD LUCK\" - Lilith Blair "}
{"_id":{"$oid":"5e6bf4ddb0d40b1f9dc8546a"},"Tweet_id":1236164385870999554,"created_at":"Sat Mar 07 05:38:51 +0000 2020","rawtext":"@united What happened??? I dropped it off at the airport in Guam and this is what I get??? #angry #prioritymybutt #premiermember https://t.co/nKaOdu71gZ","text":"What happened?? I dropped it off at the airport in Guam and this is what I get?? "}
{"_id":{"$oid":"5e6bf4ddb0d40b1f9dc8546b"},"Tweet_id":1236165521395134466,"created_at":"Sat Mar 07 05:43:21 +0000 2020","rawtext":"Lions Club International\nDistrict 301-B2\n3rd District Convention and Cabinet Meeting\n#lionsclubinternational #District301B2 #cebulumadlionsclub #weserve #roar #cebuano #cebu #filipino #pinoy #cebucity #mezzohotel‚Ä¶ https://t.co/0aKbi0FRnR","text":"Lions Club International District 301-B2 3rd District Convention and Cabinet Meeting "}
{"_id":{"$oid":"5e6bf4ddb0d40b1f9dc8546e"},"Tweet_id":1236171493500956672,"created_at":"Sat Mar 07 06:07:05 +0000 2020","rawtext":"@ICICIBank @ICICIBank_Care @PMOIndia @TOIIndiaNews @htTweets @RBI \nICICI service... For a month...\nAnd still no resolution!\n#AccheDin #distrust #CustomerService  #nochoice #helpless #angry #Frustration https://t.co/z1TZbZjcVk","text":"ICICI service.. For a month.. And still no resolution! "}
{"_id":{"$oid":"5e6bf4ddb0d40b1f9dc85471"},"Tweet_id":1236174283723935745,"created_at":"Sat Mar 07 06:18:10 +0000 2020","rawtext":"Lemme be a super delegate... like does anyone even know how they work? Seems like qualifications for the position are low.. #SuperDelegates #annoying #letsjustcountvotes","text":"Lemme be a super delegate.. like does anyone even know how they work? Seems like qualifications for the position are low.. "}
{"_id":{"$oid":"5e6bf4ddb0d40b1f9dc8546f"},"Tweet_id":1236173936464769024,"created_at":"Sat Mar 07 06:16:48 +0000 2020","rawtext":"@KelloggsUS i am v mad i did not find a baby shark in my cereal. #mad #upset #disappointed https://t.co/8ZaCxgscFy","text":"i am v mad i did not find a baby shark in my cereal. "}
{"_id":{"$oid":"5e6bf4ddb0d40b1f9dc85464"},"Tweet_id":1236160512418811904,"created_at":"Sat Mar 07 05:23:27 +0000 2020","rawtext":"Plastic Memories \nMusic : Simple Plan - Welcome to My Life\nAbadoning Sunday Cover\n\nFull Video at my Channel on Bio\nor https://t.co/ipQv74RQfL\n\n#anime #amv #mad #animemixamv #plasticmemories #welcometomylife‚Ä¶ https://t.co/R1fyhfuWHY","text":"Plastic Memories Music : Simple Plan - Welcome to My Life Abadoning Sunday Cover Full Video at my Channel on Bio or "}
{"_id":{"$oid":"5e6bf4ddb0d40b1f9dc85472"},"Tweet_id":1236176824712994816,"created_at":"Sat Mar 07 06:28:16 +0000 2020","rawtext":"This one is gonna be so sick !! Brutal#brutalofficial#hiphop #painandanger#anger#pain#newalbum#aim#musicvideo#hiphopculture #hiphophead #hiphopartist #hiphoplife #hiphopjunkie #hiphopnation #hiphopbeats #hiphopnews #hiphopheads #hiphopstyle #hiphopfashion#mc#studiotime https://t.co/LB0c5RoxuM","text":"This one is going to be so sick !! Brutalbrutalofficialhiphop painandangerangerpainnewalbumaimmusicvideohiphopculture hiphophead hiphopartist hiphoplife hiphopjunkie hiphopnation hiphopbeats hiphopnews hiphopheads hiphopstyle hiphopfashionmcstudiotime"}
{"_id":{"$oid":"5e6bf4ddb0d40b1f9dc85474"},"Tweet_id":1236178409866346496,"created_at":"Sat Mar 07 06:34:34 +0000 2020","rawtext":"#angry that one man could have engineered the destruction of our country‚ÄºÔ∏è‚ÄºÔ∏è‚ÄºÔ∏è‚ÄºÔ∏è‚ÄºÔ∏è.  @realDonaldTrump   @ewarren","text":"angry that one man could have engineered the destruction of our country‚ÄºÔ∏è‚ÄºÔ∏è‚ÄºÔ∏è‚ÄºÔ∏è‚ÄºÔ∏è."}
{"_id":{"$oid":"5e6bf4ddb0d40b1f9dc85477"},"Tweet_id":1236185014817009664,"created_at":"Sat Mar 07 07:00:49 +0000 2020","rawtext":"@KUTV2News Yes.  It just did today.  #annoying https://t.co/wTR5moQbTg","text":"Yes. It just did today. "}
{"_id":{"$oid":"5e6bf4ddb0d40b1f9dc8547a"},"Tweet_id":1236193957224251392,"created_at":"Sat Mar 07 07:36:21 +0000 2020","rawtext":"Here are Shiza and Hilde! They're a #couple of #rosyfacedlovebirds, born on March and April 2018. Shiza is the #cute and curious one, while Hilde is an #angry #beast üñ§\nThey used to be terrified of humans, but there have been great improvements!\n#parrots #birbs #birds #agapornis https://t.co/5MJjh1Lg8Q","text":"Here are Shiza and Hilde! they are a couple of rosyfacedlovebirds, born on March and April 2018. Shiza is the cute and curious one, while Hilde is an angry beast They used to be terrified of humans, but there have been great improvements! "}
{"_id":{"$oid":"5e6bf4ddb0d40b1f9dc85478"},"Tweet_id":1236190584181673986,"created_at":"Sat Mar 07 07:22:57 +0000 2020","rawtext":"Watching the @DavisCup from #MemorialDrive and when renovating the place you would have thought they'd look at where the shadows would be on the court for games at this time of the day\n#annoying #cantseetheball #whatweretheythinking #rushedjob #DavisCupQualifiers #AUSBRA","text":"Watching the from MemorialDrive and when renovating the place you would have thought they would look at where the shadows would be on the court for games at this time of the day "}
{"_id":{"$oid":"5e6bf4ddb0d40b1f9dc85475"},"Tweet_id":1236181255806259200,"created_at":"Sat Mar 07 06:45:53 +0000 2020","rawtext":"And screenshots of him trying to pester women for feet pics going back over a YEAR.\nI don't know what made me think of this but there ya go.\n#memories #thirstydudes #journeytothepast #annoying","text":"And screenshots of him trying to pester women for feet pics going back over a YEAR. I do not know what made me think of this but there ya go. "}
{"_id":{"$oid":"5e6bf4ddb0d40b1f9dc8547c"},"Tweet_id":1236195345060769793,"created_at":"Sat Mar 07 07:41:52 +0000 2020","rawtext":"Coming soon Brutal#brutalofficial#hiphop #painandanger#anger#pain#newalbum#hiphopmusic #hiphopculture #hiphophead #hiphopartist #hiphoplife #hiphopjunkie #hiphopnation #hiphopbeats #hiphopnews #hiphopheads #hiphopstyle #hiphopfashion#mc#medway#kent#studiotime#aim https://t.co/150YKgJx8y","text":"Coming soon Brutalbrutalofficialhiphop painandangerangerpainnewalbumhiphopmusic hiphopculture hiphophead hiphopartist hiphoplife hiphopjunkie hiphopnation hiphopbeats hiphopnews hiphopheads hiphopstyle hiphopfashionmcmedwaykentstudiotimeaim"}
{"_id":{"$oid":"5e6bf4ddb0d40b1f9dc8547b"},"Tweet_id":1236194004074708992,"created_at":"Sat Mar 07 07:36:32 +0000 2020","rawtext":"üé∂üéºüéµüéßüíªBJ Bowers - Extra Extra (prod. by vonswaybabyy ) #newmusicsoon #staytuned #bjtv #nit2winit #MAD #paperchamp https://t.co/9RFLTYK4Vw","text":"BJ Bowers - Extra Extra (prod. by vonswaybabyy ) "}
{"_id":{"$oid":"5e6bf4ddb0d40b1f9dc8547d"},"Tweet_id":1236195858233856000,"created_at":"Sat Mar 07 07:43:54 +0000 2020","rawtext":"GOT7 &lt;MAD&gt; Teaser Image\n#GOT7 #MAD #ÎãàÍ∞ÄÌïòÎ©¥ #Mark http://t.co/i4dyU3uVQS","text":"GOT7 &lt;MAD&gt; Teaser Image "}
{"_id":{"$oid":"5e6bf4ddb0d40b1f9dc8547e"},"Tweet_id":1236196083228962819,"created_at":"Sat Mar 07 07:44:48 +0000 2020","rawtext":"Spicy new #fried #chicken #eatery The #Angry #Chickz #coming to #Bakersfield BAKERSFIELD, Calif. ‚Äî A #spicy new restaurant is making its way to Bakersfield soon.According to a social media post on .....read more. https://t.co/ztbLKg8BHa https://t.co/Su3A0cYiRS","text":"Spicy new fried chicken eatery The Angry Chickz coming to Bakersfield BAKERSFIELD, Calif. ‚Äî A spicy new restaurant is making its way to Bakersfield soon.According to a social media post on ..read more."}
{"_id":{"$oid":"5e6bf4ddb0d40b1f9dc85480"},"Tweet_id":1236199546620952576,"created_at":"Sat Mar 07 07:58:34 +0000 2020","rawtext":"Satu7 March 2020 @ManchesterIWD #WalkForWomen #IWD2020 \nThe Event details\n\nüíú #CathedralGardens at Noon\nüíö 12:30 - Walk starts\nüíú1pm - Arrive Central Library St Peters Sq\nüíö1pm - Stalls &amp; Performances, live #music \nüíú 4:30pm - End\n#Rise #Roar #Represent üíúüíö\nLet‚Äôs do this ‚úäüèø‚úäüèΩ‚úäüèª https://t.co/zXF5eJIpqo","text":"Satu7 March 2020 WalkForWomen IWD2020 The Event details CathedralGardens at Noon 12 - Walk starts 1pm - Arrive Central Library St Peters Sq 1pm - Stalls &amp; Performances, live music 4 - End Rise Roar Represent let us do this ‚úä"}
{"_id":{"$oid":"5e6bf4ddb0d40b1f9dc8547f"},"Tweet_id":1236199346594410496,"created_at":"Sat Mar 07 07:57:46 +0000 2020","rawtext":"A chutiya teacher yelled at me in front of juniors for no reason and the worst thing is i used to defend him when others used to abuse him. \nFml\n#Mindfuck\n#Vickylowda\n#Badteacher\n#assholeteacher\n#anger","text":"A chutiya teacher yelled at me in front of juniors for no reason and the worst thing is i used to defend him when others used to abuse him. Fml "}
{"_id":{"$oid":"5e6bf4ddb0d40b1f9dc85482"},"Tweet_id":1236202874230706177,"created_at":"Sat Mar 07 08:11:47 +0000 2020","rawtext":"I still can't believe that Mike Bloomberg spent $500 million  on a Presidential Campaign that went NOWHERE. How can someone spend such massive wealth on themselves? Imagine all the people and animals you could help with $500 million. #Angry #Bloomberg","text":"I still can not believe that Mike Bloomberg spent $500 million on a Presidential Campaign that went NOWHERE. How can someone spend such massive wealth on themselves? Imagine all the people and animals you could help with $500 million. "}
{"_id":{"$oid":"5e6bf4ddb0d40b1f9dc85484"},"Tweet_id":1236206139823370241,"created_at":"Sat Mar 07 08:24:45 +0000 2020","rawtext":"@HAILRyzin I think the #BucksOfYouth will attempt to super kick #Zenith out like last time, but it‚Äôll fail. #BrotherNero will be brought in to help and/or end up in the #ROAR, which will cause a character change when he goes back to #SmackDownOnFox.","text":"I think the BucksOfYouth will attempt to super kick Zenith out like last time, but it will fail. BrotherNero will be brought in to help and/or end up in the ROAR, which will because a character change when he goes back to "}
{"_id":{"$oid":"5e6bf4ddb0d40b1f9dc85483"},"Tweet_id":1236203720028778497,"created_at":"Sat Mar 07 08:15:09 +0000 2020","rawtext":"@mamajay562 and than she just got up and went to work after ! #annoying","text":"and than she just got up and went to work after ! "}
{"_id":{"$oid":"5e6bf4ddb0d40b1f9dc85485"},"Tweet_id":1236207370276974592,"created_at":"Sat Mar 07 08:29:39 +0000 2020","rawtext":"Hosting today's 3rd District Convention of #Lions of District 301 B2. #Roar!! @lionsclubs https://t.co/icdV4vQgSI","text":"Hosting today's 3rd District Convention of Lions of District 301 B2. "}
{"_id":{"$oid":"5e6bf4ddb0d40b1f9dc85486"},"Tweet_id":1236212884381863936,"created_at":"Sat Mar 07 08:51:34 +0000 2020","rawtext":"Final Four is set for the @OfficialGHSA 6A State Playoffs! We will host @ahsbucsfootball next Friday! #MAD #BTH https://t.co/LE25Qb6F6k","text":"Final Four is set for the 6A State Playoffs! We will host next Friday! "}
{"_id":{"$oid":"5e6bf4ddb0d40b1f9dc85487"},"Tweet_id":1236217738558722049,"created_at":"Sat Mar 07 09:10:51 +0000 2020","rawtext":"He Came, He Came Backüèè\nGet Ready To #Roar Guys \n#Sachin #Sachinnn üèè...üëå\n#GodisBack\n#SachinTendulkar Sir\nAgain in Action @sachin_rt\nFirst Match #India #Legends Vs #Westindies #Legends on 7 March at 7pm.\n@RSWorldSeries @Colors_Cineplex @IndiaLegends1 #YehJungHaiLegendary https://t.co/0An2lhj4Ex","text":"He Came, He Came Back Get Ready To Roar Guys Sachin Sachinn . GodisBack SachinTendulkar Sir Again in Action First Match India Legends Vs Westindies Legends on 7 March at 7pm. "}
{"_id":{"$oid":"5e6bf4ddb0d40b1f9dc85488"},"Tweet_id":1236219130874703872,"created_at":"Sat Mar 07 09:16:23 +0000 2020","rawtext":"#Sachin üáÆüá≥ Sir Again Play üèèüèè\nGet Ready To #Roar Guys \n#Sachin #Sachinnn üèè\n#GodisBack #SachinTendulkar @sachin_rt\nFirst Match #India #Legends Vs #Westindies #Legends on 7 March at 7pm on #Cineplex &amp; #JioTv .\n@RSWorldSeries @IndiaLegends1 #YehJungHaiLegendary #TheRoadToSafety https://t.co/paNncduiix","text":"Sachin Sir Again Play Get Ready To Roar Guys Sachin Sachinn GodisBack SachinTendulkar First Match India Legends Vs Westindies Legends on 7 March at 7pm on Cineplex &amp; JioTv . "}
{"_id":{"$oid":"5e6bf4ddb0d40b1f9dc8548b"},"Tweet_id":1236220238045351936,"created_at":"Sat Mar 07 09:20:47 +0000 2020","rawtext":"@Kurt0411Fifa Sooooo I sent this to RATstro and he decided to reply with this then blocked me. \n\nAnother rat in the bin! #fifa20 #mad #ragequit https://t.co/XQkDxE1sG8","text":"So I sent this to RATstro and he decided to reply with this then blocked me. Another rat in the bin! "}
{"_id":{"$oid":"5e6bf4ddb0d40b1f9dc8548c"},"Tweet_id":1236220913185587200,"created_at":"Sat Mar 07 09:23:28 +0000 2020","rawtext":"How lucky to work alongside inspirational colleagues and school communities @EldonGroveAcad @NewSilksAcademy @TrThorntree #ROAR @extoltrust","text":"How lucky to work alongside inspirational colleagues and school communities "}
{"_id":{"$oid":"5e6bf4ddb0d40b1f9dc8548e"},"Tweet_id":1236222123594702848,"created_at":"Sat Mar 07 09:28:16 +0000 2020","rawtext":"For those bored or depressed try playing #MAD by @thisisWurlD x @beatsbysarz","text":"For those bored or depressed try playing MAD by x"}
{"_id":{"$oid":"5e6bf4ddb0d40b1f9dc8548d"},"Tweet_id":1236221706349547520,"created_at":"Sat Mar 07 09:26:37 +0000 2020","rawtext":"What is going on #firefox? Suddenly some website pages load extremely slow during scrolling. #annoying","text":"What is going on firefox? Suddenly some website pages load extremely slow during scrolling. "}
{"_id":{"$oid":"5e6bf4ddb0d40b1f9dc8548f"},"Tweet_id":1236223427972927490,"created_at":"Sat Mar 07 09:33:27 +0000 2020","rawtext":"RCW Live #54 - D#anger Zone | LIVE STREAM ##athlete #k#ar#ate #boxing https://t.co/6yMnyV8yQa","text":"RCW Live 54 - Danger Zone | LIVE STREAM athlete karate "}
{"_id":{"$oid":"5e6bf4ddb0d40b1f9dc85490"},"Tweet_id":1236228770543144961,"created_at":"Sat Mar 07 09:54:41 +0000 2020","rawtext":"Seeing my name in print makes me happier than anything in the world. \n\nRead all about the achievements of @NikiPilkington, @tanya_whitebits, @LSRPlaid and loads of other badass women in the latest issue of @AbersochLife! \n\n#roar #women #feminism #Wales #freelance #writer https://t.co/QtFAue47Cf","text":"Seeing my name in print makes me happier than anything in the world. Read all about the achievements of , , and loads of other badass women in the latest issue of ! "}
{"_id":{"$oid":"5e6bf4ddb0d40b1f9dc85491"},"Tweet_id":1236231088122531840,"created_at":"Sat Mar 07 10:03:54 +0000 2020","rawtext":"#MusicWeyDeyPlay #Mad\n@thisisWurlD ft @beatsbysarz \n \n@iamkissdaniel\n\non #Pidginclass101 with \n@orume_tobore","text":"MusicWeyDeyPlay Mad ft on Pidginclass101 with"}
{"_id":{"$oid":"5e6bf4ddb0d40b1f9dc85493"},"Tweet_id":1236238139271843841,"created_at":"Sat Mar 07 10:31:55 +0000 2020","rawtext":"Can we all get behind the man in the baseball cap today and let him and our team hear just how much we are behind them\n#loud #noise #support #sing #shout #roar #whistle #clap #wave\nA bit of sway to YNWA wouldn't go amiss either\n#LIVBOU https://t.co/m4YEyS7Tbd","text":"Can we all get behind the man in the baseball cap today and let him and our team hear just how much we are behind them loud noise support sing shout roar whistle clap wave A bit of sway to YNWA would not go amiss either "}
{"_id":{"$oid":"5e6bf4ddb0d40b1f9dc85494"},"Tweet_id":1236238234826551297,"created_at":"Sat Mar 07 10:32:18 +0000 2020","rawtext":"Mad magazine and all related pins. #Mad #MadMagazine https://t.co/L9FwDndesd via @pinterest","text":"Mad magazine and all related pins. Mad MadMagazine via"}
{"_id":{"$oid":"5e6bf4ddb0d40b1f9dc85496"},"Tweet_id":1236241601011294208,"created_at":"Sat Mar 07 10:45:40 +0000 2020","rawtext":"Self portrait in Infinite Painter #infinitepainter #digitalart #angry #selfportrait https://t.co/11y0x1eNxV","text":"Self portrait in Infinite Painter "}
{"_id":{"$oid":"5e6bf4ddb0d40b1f9dc85498"},"Tweet_id":1236244444392779777,"created_at":"Sat Mar 07 10:56:58 +0000 2020","rawtext":"You will not be punished for your anger, you will be punished by y... #Anger #Punished  #SocialSaturday https://t.co/RPBh3fhiL1 https://t.co/xZFD3nX9si","text":"You will not be punished for your anger, you will be punished by y.. "}
{"_id":{"$oid":"5e6bf4ddb0d40b1f9dc85499"},"Tweet_id":1236244613700227074,"created_at":"Sat Mar 07 10:57:38 +0000 2020","rawtext":"@Harrisbrushes I emailed  you last week, but had no response. From the centre of my new roller bits of black plastic kept dropping out onto wet paint!#annoying #decorating #DIY @Harrisbrushes @bmstores https://t.co/pTfqY2WSeF","text":"I emailed you last week, but had no response. From the centre of my new roller bits of black plastic kept dropping out onto wet paint!annoying "}
{"_id":{"$oid":"5e6bf4ddb0d40b1f9dc8549b"},"Tweet_id":1236250398069006338,"created_at":"Sat Mar 07 11:20:37 +0000 2020","rawtext":"‚ÄúHere‚Äôs to strong women: May we know them. May we be them. May we raise them.‚Äù ‚ÄìUnknown  #roar #anyhopefornature #InternationalWomensDay #niloufarbayani #sepidehkashani (photo by A M Pavalache) https://t.co/jbR75Pws16","text":"‚ÄúHere‚Äôs to strong women: May we know them. May we be them. May we raise them.‚Äù ‚ÄìUnknown roar anyhopefornature InternationalWomensDay niloufarbayani sepidehkashani (photo by A M Pavalache)"}
{"_id":{"$oid":"5e6bf4ddb0d40b1f9dc8549a"},"Tweet_id":1236246351454834688,"created_at":"Sat Mar 07 11:04:33 +0000 2020","rawtext":"So someone stole my Sweater Weather hand sanitiser at college yesterday. That‚Äôs two things stolen from me now. People are taking this Coronavirus WAY too far!!! STOP STEALING MY THINGS!!!üò°üò°üò° give it back, you assholes!!!\n\n#coronvirusuk #Igotrobbed #Imangry https://t.co/PcKy5zZtEM","text":"So someone stole my Sweater Weather hand sanitiser at college yesterday. that is two things stolen from me now. People are taking this Coronavirus WAY too far!! STOP STEALING MY THINGS!! give it back, you assholes!! "}
{"_id":{"$oid":"5e6bf4ddb0d40b1f9dc8549c"},"Tweet_id":1236250449222787072,"created_at":"Sat Mar 07 11:20:50 +0000 2020","rawtext":"@dougleddin #angry #sociopath not a great mix","text":"angry sociopath not a great mix"}
{"_id":{"$oid":"5e6bf4ddb0d40b1f9dc854a0"},"Tweet_id":1236253338569760768,"created_at":"Sat Mar 07 11:32:19 +0000 2020","rawtext":"How Beautiful it is to stay Silent When Someone Expects Me To be Enraged. #SilenceIsGolden #Silent #Beautiful #Someone #Expecting #Expectations #Anger #Enraged #Temper #Strengthfor2day https://t.co/8gtBRYDOpK","text":"How Beautiful it is to stay Silent When Someone Expects Me To be Enraged. "}
{"_id":{"$oid":"5e6bf4ddb0d40b1f9dc854a1"},"Tweet_id":1236253659408863232,"created_at":"Sat Mar 07 11:33:35 +0000 2020","rawtext":"@SenDuckworth Get better at pushing a #NARRATIVE because to push your #DNC #propaganda there has to he some truth to exploit. @georgesoros will be #angry at you #impeachDuckworth","text":"Get better at pushing a NARRATIVE because to push your DNC propaganda there has to he some truth to exploit. will be angry at you "}
{"_id":{"$oid":"5e6bf4ddb0d40b1f9dc854a9"},"Tweet_id":1236259668114190338,"created_at":"Sat Mar 07 11:57:28 +0000 2020","rawtext":"@sainsburys not only is your website awful. I can't use my nectar triple points voucher because you have no delivery slots available for tomorrow. #annoying #sickofsainsburys","text":"not only is your website awful. I can not use my nectar triple points voucher because you have no delivery slots available for tomorrow. "}
{"_id":{"$oid":"5e6bf4ddb0d40b1f9dc854ab"},"Tweet_id":1236260789616508931,"created_at":"Sat Mar 07 12:01:55 +0000 2020","rawtext":"This is #mad","text":"This is "}
{"_id":{"$oid":"5e6bf4ddb0d40b1f9dc854a4"},"Tweet_id":1236256547338158081,"created_at":"Sat Mar 07 11:45:04 +0000 2020","rawtext":"Do come and join us today at #Manchester‚Äôs #IWD20 #WalkForWomen event. I will be there with a stand so do drop by &amp; support women everywhere #AnInclusiveEntrepreneur #InternationalWomensDay #EqualForEqual #mobility #aids #accessories @TheZebraPartner #Rise #Roar #Represent https://t.co/hpIIc3XahQ","text":"Do come and join us today at Manchester‚Äôs IWD20 WalkForWomen event. I will be there with a stand so do drop by &amp; support women everywhere "}
{"_id":{"$oid":"5e6bf4ddb0d40b1f9dc854ac"},"Tweet_id":1236260979656318977,"created_at":"Sat Mar 07 12:02:40 +0000 2020","rawtext":"2 similar numbers have been calling people around UK today:\nhttps://t.co/WWg24XZNoW\nhttps://t.co/rpnQbIGURI\n\nThey have been marked as #dangerous and #harassing - their persistence in calling is very #annoying! \n\nThey claim to represent #energysupplier. Be cautious! \n\n#whocalledme https://t.co/8YyrdPa8bv","text":"2 similar numbers have been calling people around UK today: They have been marked as dangerous and harassing - their persistence in calling is very annoying! They claim to represent energysupplier. Be cautious! "}
{"_id":{"$oid":"5e6bf4ddb0d40b1f9dc854aa"},"Tweet_id":1236260608309428226,"created_at":"Sat Mar 07 12:01:12 +0000 2020","rawtext":"In the @Todaysparent report with Anne Lavrih...how to handle a screaming toddler. Learn the different types of screams and how to tone them down.\n#scream #toddler #yelling #loud #parenting #attention #angry #family #momlife #mom @AnneLavrih\nListen here: https://t.co/4bALXyRJyH https://t.co/teV8fiKbLi","text":"In the report with Anne Lavrih..how to handle a screaming toddler. Learn the different types of screams and how to tone them down. scream toddler yelling loud parenting attention angry family momlife mom Listen here:"}
{"_id":{"$oid":"5e6bf4ddb0d40b1f9dc854b1"},"Tweet_id":1236263162380529664,"created_at":"Sat Mar 07 12:11:21 +0000 2020","rawtext":"@onthisday_qpr @petercrouch After over 4 hours in the car in what should of been a 2 hour journey decided to turn around and go back home #gutted #fuckedoff","text":"After over 4 hours in the car in what should of been a 2 hour journey decided to turn around and go back home "}
{"_id":{"$oid":"5e6bf4ddb0d40b1f9dc854b4"},"Tweet_id":1236264505035931648,"created_at":"Sat Mar 07 12:16:41 +0000 2020","rawtext":"Did I really shout ‚Äúwhere are my underpants‚Äù at @hovinghammarket #mad @BBCYork @thekeeper2014 @ClareFrisby - found @thunderpantsuk too! https://t.co/4teE56yAZ0","text":"Did I really shout ‚Äúwhere are my underpants‚Äù at mad - found too!"}
{"_id":{"$oid":"5e6bf4ddb0d40b1f9dc854b9"},"Tweet_id":1236266696261996545,"created_at":"Sat Mar 07 12:25:23 +0000 2020","rawtext":"Hi everyone who's #panicbuying across #London &amp; #England. Please don't as you're not leaving enough for those who are buying things as usual. #annoying","text":"Hi everyone who is panicbuying across London &amp; England. Please do not as you are not leaving enough for those who are buying things as usual. "}
{"_id":{"$oid":"5e6bf4ddb0d40b1f9dc854b2"},"Tweet_id":1236264267646734336,"created_at":"Sat Mar 07 12:15:44 +0000 2020","rawtext":"#KnockOff. One of the best live bands around currently. Saw em last week in Minehead, highlight of what was a cracking weekend all round. \n\nCheck em out, they seem to be touring constantly.\n\n#StreetPunk #Punk #PunkRock #Angry\n\nhttps://t.co/6nc8Rbtuxd","text":"KnockOff. One of the best live bands around currently. Saw em last week in Minehead, highlight of what was a cracking weekend all round. Check em out, they seem to be touring constantly. "}
{"_id":{"$oid":"5e6bf4ddb0d40b1f9dc854c1"},"Tweet_id":1236275351334146049,"created_at":"Sat Mar 07 12:59:47 +0000 2020","rawtext":"Please stop praising someone then saying well you should or could..... #annoying let someone feel good for what they're doing.","text":"Please stop praising someone then saying well you should or could.. annoying let someone feel good for what they are doing."}
{"_id":{"$oid":"5e6bf4ddb0d40b1f9dc854c0"},"Tweet_id":1236275198720016385,"created_at":"Sat Mar 07 12:59:10 +0000 2020","rawtext":"So #ANNOYING how MSM &amp; people w/their heads up their Okoles (EVEN Bernie!) say ‚Äúit‚Äôs a sad day for women‚Äù now that Warren, ‚Äúthe last woman running for POTUS‚Äù has dropped out &amp; #IGNORING @TulsiGabbard COMPLETELY! Tulsi is STILL Running People! #Tulsi2020 https://t.co/SaTvukQvWj","text":"So ANNOYING how MSM &amp; people w/their heads up their Okoles (EVEN Bernie!) say ‚Äúit is a sad day for women‚Äù now that Warren, ‚Äúthe last woman running for POTUS‚Äù has dropped out &amp; IGNORING COMPLETELY! Tulsi is STILL Running People! "}
{"_id":{"$oid":"5e6bf4ddb0d40b1f9dc854c3"},"Tweet_id":1236279710222561282,"created_at":"Sat Mar 07 13:17:06 +0000 2020","rawtext":"Just saw a girl with a lion tatoo on her leg #roar","text":"Just saw a girl with a lion tatoo on her leg "}
{"_id":{"$oid":"5e6bf4ddb0d40b1f9dc854c4"},"Tweet_id":1236281486594146309,"created_at":"Sat Mar 07 13:24:10 +0000 2020","rawtext":"3 pax for #F3Olympus this morning. Presses, snatches, and farmer carries. @HighTideNC and YHC completed the #snatchtest #MAD was #kotters @F3Area51 @F3Sob https://t.co/xs4tQsnuqI","text":"3 pax for F3Olympus this morning. Presses, snatches, and farmer carries. and YHC completed the snatchtest MAD was "}
{"_id":{"$oid":"5e6bf4ddb0d40b1f9dc854c5"},"Tweet_id":1236282356249624577,"created_at":"Sat Mar 07 13:27:37 +0000 2020","rawtext":"#panickbuying #tunbridgewells gin and tonic all gone at @ #Sainsbury #coronvirusuk #mad https://t.co/USuuaG8lNv","text":"panickbuying tunbridgewells gin and tonic all gone at @ "}
{"_id":{"$oid":"5e6bf4ddb0d40b1f9dc854c8"},"Tweet_id":1236283111975124993,"created_at":"Sat Mar 07 13:30:37 +0000 2020","rawtext":"@Voodoo_F3 @HighTideNC @F3Sob RT @Voodoo_F3: 3 pax for #F3Olympus this morning. Presses, snatches, and farmer carries. @HighTideNC and YHC completed the #snatchtest #MAD was #kotters","text":"RT : 3 pax for F3Olympus this morning. Presses, snatches, and farmer carries. and YHC completed the snatchtest MAD was "}
{"_id":{"$oid":"5e6bf4ddb0d40b1f9dc854c6"},"Tweet_id":1236282951442325504,"created_at":"Sat Mar 07 13:29:59 +0000 2020","rawtext":"Always great to spend the weekend in #Madrid even if I hardly saw the sun ‚òÄÔ∏è and it‚Äôs always a bonus to fly back on the Triple Seven for the extra space.\n#B777-300ER Reg: G-STBC \n#ClubEurope #AeropuertoAdolfoSuarez #MadridBarajas #MAD https://t.co/xpwt1nkyCo","text":"Always great to spend the weekend in Madrid even if I hardly saw the sun ‚òÄÔ∏è and it is always a bonus to fly back on the Triple Seven for the extra space. B77-300ER Reg: G-STBC "}
